<?xml version="1.0" encoding="utf-8"?>
<install version="1.5" type="plugin" group="editors-xtd">
	<name>Button - Group Docs</name>
	<author>Joomla! Project</author>
	<creationDate>May  2012</creationDate>
	<copyright>opyright (c) S.Osypov, 2012. All rights  reserved</copyright>
	<license>http://www.gnu.org/licenses/gpl-2.0.html GNU/GPL</license>
	<authorEmail>Sergiy.Osypov@groupdocs.com</authorEmail>
	<authorUrl>http://groupdocs.com</authorUrl>
	<version>1.0.0</version>
	<description>Adds an editor button for Group Docs Viewer.</description>
	<files>
		<filename plugin="grpdocs">grpdocs.php</filename>
		<filename>grpdocs.png</filename>
		<filename>grpdocs2.php</filename>
		<filename>grpdocsStorageAPI.php</filename>
		<filename>grpdocsAPIClient.php</filename>
	</files>
	<params>
		<param name="userId" type="text" default="" label="Client Id"/>
		<param name="privateKey" type="text" default="" label="Private Key"/>
	</params>
</install>