<?xml version="1.0" encoding="utf-8"?>
<extension version="1.7" type="plugin" group="editors-xtd">
	<name>Editor Button - GroupDocs Viewer</name>
	<author>GroupDocs Team</author>
	<creationDate>December  2012</creationDate>
	<copyright>copyright (c) GroupDocs, 2012. All rights  reserved</copyright>
	<license>http://www.gnu.org/licenses/gpl-2.0.html GNU/GPL</license>
	<authorEmail>support@groupdocs.com</authorEmail>
	<authorUrl>virtuemart.net</authorUrl>
	<version>2.0.1</version>
	<description>Adds an editor button for GroupDocs Viewer.</description>
	<files>
		<filename plugin="grpdocsviewer">grpdocsviewer.php</filename>
		<filename>grpdocsviewer.gif</filename>
		<filename>grpdocsviewer-dialog.php</filename>
		<filename>grpdocsviewer.css</filename>
		<filename>grpdocsviewer.js</filename>
		<filename>index.html</filename>
		<folder>tree_viewer</folder>
	</files>
	<config>
		<fields name="params">

			<fieldset name="basic">
				<field name="groupdocs_client_id" type="text"
					default=""
					description="Enter the Client ID from the GroupDocs account."
					label="GroupDocs Client ID"
					size="40"
				/>
				<field name="groupdocs_api_key" type="text"
					default=""
					description="Enter the API Key from the GroupDocs API account."
					label="GroupDocs API Key"
					size="40"
				/>
			</fieldset>

		</fields>
	</config>
</extension>
