<?xml version="1.0" encoding="utf-8"?>
<install version="1.5" type="plugin" group="editors-xtd">
	<name>Editor Button - GroupDocs Viewer</name>
	<author>Marketplace Team</author>
	<creationDate>September  2012</creationDate>
	<copyright>copyright (c) GroupDocs, 2012. All rights  reserved</copyright>
	<license>GNU/GPL http://www.gnu.org/copyleft/gpl.html</license>
	<authorEmail>support@groupdocs.com</authorEmail>
	<authorUrl>http://groupdocs.com/apps/viewer</authorUrl>
	<version>1.3</version>
	<description>Adds an editor button for GroupDocs Viewer.</description>
	<files>
		<filename plugin="grpdocs">grpdocs.php</filename>
		<filename>grpdocs.gif</filename>
		<filename>grpdocs-dialog.php</filename>
		<filename>grpdocs.css</filename>
		<filename>grpdocs.js</filename>
		<folder>tree_viewer</folder>
	</files>
	<params>
		<param name="userId" type="text" default="" label="Client Id"/>
		<param name="privateKey" type="text" default="" label="Private Key"/>
	</params>
</install>
