<?xml version="1.0" encoding="utf-8"?>
<extension version="1.3" type="plugin" group="content">
	<name>Content - GroupDocs Embedder</name>
	<author>GroupDocs Team</author>
	<creationDate>December 2012</creationDate>
	<copyright>Copyright (C) 2008-2012 soeren. All rights reserved.</copyright>
	<license>http://www.gnu.org/copyleft/gpl.html GNU/GPL</license>
	<authorEmail>support@groupdocs.com</authorEmail>
	<authorUrl>http://groupdocs.com/groupdocsv3/apps/viewer</authorUrl>
	<version>1.3</version>
	<description>Embeds GroupDocs document to your Joomla page.
	</description>
	<files>
		<filename plugin="grpdocsviewer">grpdocsviewer.php</filename>
		<filename>index.html</filename>
	</files>
</extension>
