<?xml version="1.0" encoding="UTF-8" ?>
<extension type="package" version="1.6">
 <name>GroupDocs Viewer Plugins</name>
 <author>GroupDocs Team</author>
 <creationDate>December 2012</creationDate>
 <copyright>copyright (c) GroupDocs, 2012. All rights  reserved</copyright>
 <license>http://www.gnu.org/licenses/gpl-2.0.html GNU/GPL</license>
 <packagename>groupdocsviewer</packagename>
 <version>2.0.0</version>
 <url>http://groupdocs.com/groupdocsv3/apps/viewer</url>
 <packager>GroupDocs Team</packager>
 <packagerurl>http://groupdocs.com/groupdocsv3/apps/viewer</packagerurl>
 <description>&lt;h2 style=&quot;font-size: 2.5em;&quot;&gt;Thanks for installing the GroupDocs Plugins Package!&lt;/h2&gt; &lt;p style=&quot;font-size:2.0em;&quot;&gt;You now have two new plugins: a Content and an Editor Button Plugin. &lt;span style=&quot;color:red;&quot;&gt;Remember
 to publish both plugins so you can use them.&lt;/span&gt;</description>
 <!--<update>http://www.updateurl.com</update>-->
 <files folder="packages">
   <file type="plugin" id="grpdocsviewer" group="content">plg_content_grpdocsviewer.zip</file>
   <file type="plugin" id="grpdocsviewer" group="editors-xtd">plg_editors-xtd_grpdocsviewer.zip</file>
 </files>
</extension>
