<?xml version="1.0" encoding="utf-8"?>
<install version="1.5" type="plugin" group="content">
	<name>Content - Group Docs Embedder</name>
	<author>Sergiy Osypov</author>
	<creationDate>May  2012</creationDate>
	<copyright>copyright (c) Group Docs, 2012. All rights  reserved</copyright>
	<license>http://www.gnu.org/licenses/gpl-2.0.html GNU/GPL</license>
	<authorEmail>sergiy.osypov@groupdocs.com</authorEmail>
	<authorUrl>http://www.groupdocs.com</authorUrl>
	<version>1.0.0</version>
	<description>Embeds Group Docs document to your Joomla page</description>
	<files>
		<filename plugin="grpdocs_content">grpdocs.php</filename>
	</files>
	<params />
</install>