<?xml version="1.0" encoding="utf-8"?>
<install version="1.5" type="plugin" group="content">
	<name>Content - Group Docs Embedder</name>
	<author>Marketplace Team</author>
	<creationDate>September  2012</creationDate>
	<copyright>copyright (c) Group Docs, 2012. All rights  reserved</copyright>
	<license>GNU/GPL http://www.gnu.org/copyleft/gpl.html</license>
	<authorEmail>support@groupdocs.com</authorEmail>
	<authorUrl>http://groupdocs.com/apps/viewer</authorUrl>
	<version>1.3</version>
	<description>Embeds Group Docs document to your Joomla page</description>
	<files>
		<filename plugin="grpdocsc">grpdocsc.php</filename>
	</files>
	<params />
</install>
